Variable,Value
GPPAll4,214.2954206128
NPPAll4,107.1477103019
VEGCL4,23.7903749996
VEGCW4,0
VEGCR4,153.2339717133
VEGCSUM4,177.0243467192
VEGNL4,1.710828822
VEGNW4,0
VEGNR4,3.225978352
VEGNSUM4,4.936807174
VEGLBLN4,0.9873614347
